price,num_pages,type
35.6842011542551,33.6054691271628,paperback
29.9413757521506,49.9418228612001,kindle
67.9259671089997,65.2607595809383,paperback
28.1860621896313,58.9935567585671,kindle
46.450761459843,46.8853753056842,paperback
70.8995114021164,70.329449404679,paperback
40.4363157212827,60.3192255652607,kindle
30.6355161376605,18.3760531566507,paperback
32.5170696373259,37.8189275887552,paperback
25.9849907346503,50.9513270445542,kindle
62.7469388029349,64.1104041695475,paperback
31.5252843727722,44.5237238277809,kindle
51.2477506362398,58.2601938783558,paperback
42.6454430596216,48.7158354533301,paperback
33.89929527308,35.3215050518029,paperback
59.1818040287402,82.9051744331853,kindle
37.5898940678728,57.3668553125043,kindle
-0.0950404814218384,64.2057530487914,kindle
56.1211243692826,63.9125119643296,paperback
39.1893362672983,46.4048069558275,paperback
32.4029150383383,25.3265089613268,paperback
32.7582782581184,46.6231935933268,kindle
6.63346393803123,49.6204237294541,kindle
32.6695136913174,35.4737274284992,paperback
10.4146336822961,54.4860709770673,kindle
1.92759374978345,66.7652231194829,kindle
40.4571497967337,46.8852545454387,kindle
34.7827051060139,58.5361566678307,kindle
32.2896478085239,27.2942051889243,paperback
46.3524167519187,29.0518536567977,kindle
38.9068741701698,44.9274556591837,kindle
37.9802591031573,41.135081194778,paperback
53.6380356771685,59.1095131013818,paperback
41.7311532217376,37.0799092323669,kindle
51.4856758879063,53.5380148359552,paperback
43.762733852707,61.133627173571,kindle
56.6209156278856,54.1655335437915,paperback
25.1293054111967,48.3554691171974,kindle
21.9537158390828,46.0962591799326,kindle
18.0779399445576,63.6909984619858,kindle
35.4940116501087,39.8271374056177,paperback
41.4899751598604,41.3889708173016,paperback
1.1080061643302,61.1627285824003,kindle
76.653499319042,77.0455593479823,paperback
51.3516391476706,41.019787965325,kindle
32.9121376181701,32.3490872709622,paperback
42.5601639826916,41.6519161925627,paperback
34.988950562054,33.0546852405079,paperback
52.5264258265961,57.3851476948313,paperback
23.9185175417858,54.2786648760965,kindle
52.0556653527109,53.7604194139545,paperback
46.2536340878215,48.8176277195269,paperback
42.8240001853611,45.6167979520729,paperback
66.7183901569302,67.6926966815556,paperback
35.5437419033769,38.0226295785449,paperback
59.8833963019192,37.7155543148775,kindle
9.0561267297868,45.2438497578882,kindle
51.7737818257407,54.6696009451852,paperback
48.1628352742475,43.9944668521057,paperback
48.0203886140877,46.8650693268688,paperback
46.8489293090522,53.501403292737,paperback
40.5109465953914,34.054468868287,paperback
43.4910672625648,40.8026439975779,paperback
26.9012497380227,31.0063653718083,paperback
9.19579817982401,66.1657763714695,kindle
38.2448753729092,64.5012795133044,kindle
34.9949431800519,61.0901875546684,kindle
45.2386635135885,45.9597993104765,paperback
61.0258538365768,64.3005784837023,paperback
78.3424448125632,72.6842282986814,paperback
36.0482896652474,39.4529232934588,paperback
9.50222346947636,44.2909611366968,kindle
57.4504583482296,59.8192861645819,paperback
35.3972147818003,33.5794918297623,paperback
21.5316242735649,31.1856852972445,kindle
45.5875551777008,38.2430181597584,kindle
28.7899987262651,59.5255652462752,kindle
21.4184947652638,47.0943211383491,kindle
41.9714975421482,49.1118258977944,paperback
26.7011479157765,28.3739185443202,kindle
42.2362300204532,42.0252610164465,paperback
53.0999673980673,46.8388532673397,paperback
22.0655990460912,48.1981251228354,kindle
38.9820753574768,64.1023922112458,kindle
36.5813063561758,40.2092589462685,paperback
37.420468087177,56.4346864051954,kindle
57.8502538168923,66.7078566465066,paperback
32.0267040762049,41.7874145647058,kindle
19.7233479167245,34.5408334793498,kindle
59.100468557016,41.7345277436321,kindle
59.1802026485887,60.0698521632694,paperback
52.3197338892094,54.2202575873047,paperback
43.3188417536098,48.011436113639,paperback
37.1095453850822,36.9928870552709,paperback
62.3454177166988,62.5547480988987,paperback
35.5219293805834,39.469837592499,paperback
77.2202782742458,79.5641106759727,paperback
47.3662852051323,50.3452767132152,kindle
43.5543808359864,39.0451361454177,paperback
29.4057421162575,29.7673462328343,paperback
33.9408575878657,36.4928964030079,paperback
53.8174781693546,50.5264485835118,paperback
42.4153064691253,45.7454238706951,paperback
33.6845997448016,58.8807370091206,kindle
17.4484733032019,30.6005984520974,kindle
46.1952055156965,42.4856208631817,paperback
23.7722985269402,60.2320175527412,kindle
8.15052891461546,50.0545772658802,kindle
40.7212980761757,42.6450120421547,paperback
37.2005302922903,55.6977896960583,kindle
18.6972286194538,33.4674443676513,kindle
55.8343687133112,57.2291088631992,paperback
24.7389687767765,20.244309979954,paperback
43.9952580342321,41.2387904386663,paperback
35.3216176304425,43.3334561987782,kindle
50.245832271768,46.2498648598472,paperback
52.494045310677,47.9585037860691,paperback
33.7992949351309,35.1760296742567,paperback
36.127461748105,37.5917428100506,paperback
25.0280302976504,45.5176581073448,kindle
30.7830722427941,60.4389134830903,kindle
12.6438650178585,60.2817404739542,kindle
35.820403756273,39.2470522259786,paperback
46.289036142987,40.0427824915358,paperback
53.353194361515,54.3509045924834,kindle
25.0869882269443,66.0421218162389,kindle
28.8430833241196,44.8458880025463,kindle
38.145441634932,60.1253719377392,kindle
28.5734083487661,27.4955237425567,paperback
41.4872618780003,42.1831736843303,paperback
69.7774707496988,67.6969280550422,paperback
54.667355394027,50.4197568550183,paperback
47.2736263422743,47.1611841905862,paperback
14.968832420524,49.6405997020928,kindle
8.99317145121768,43.3265790382359,kindle
62.7896237892335,60.9670440447033,paperback
23.8159783461534,22.7737192097442,paperback
62.2634947812995,53.9076836447365,paperback
69.338950052608,79.3516842929884,paperback
4.51648065157628,59.2338003833084,kindle
38.9372083049435,63.811003308495,kindle
31.3850402470274,58.7825041618485,kindle
18.4588286616579,22.4157028072289,paperback
18.4425648245555,22.9718861147721,paperback
23.8592238675101,15.9013701517289,paperback
16.3151088871025,44.9059654457774,kindle
22.3367404190599,25.0530419237095,paperback
54.928726226947,52.2478808279983,paperback
81.8515545629025,73.8270693848222,paperback
23.9574635011187,28.4495663725373,paperback
62.8844665158575,55.457980772603,paperback
52.3073111740828,51.2905167750041,paperback
34.8161544711148,45.302123658449,kindle
10.7823120016057,63.77675846806,kindle
47.1617177396856,48.5179232302082,paperback
41.7634329801708,33.6618491962687,paperback
52.2790414383323,55.163277587886,paperback
23.3224582293315,53.5282640641775,kindle
59.1360900901231,62.7063485475382,paperback
20.0388008714452,58.2957397932112,kindle
64.8075959870267,58.8977683837084,paperback
34.3737625171397,30.5952060542437,paperback
21.0622678654743,27.415062493794,paperback
103.878882849207,96.7374684828796,paperback
46.4809641407268,40.1994343414511,paperback
47.8974483691439,48.7387625358332,paperback
54.3553993948869,57.2965212843284,paperback
35.7526485477588,40.1451576838982,paperback
52.4739273989336,49.9432235622968,paperback
35.4260653062859,46.6129801633569,kindle
43.9888707001121,37.5669300833874,paperback
25.4032522544147,62.6103493646465,kindle
44.7990796387147,44.9698238139026,paperback
77.5027994798557,76.1048913609172,paperback
38.3163813639968,30.9233412182207,paperback
15.3209603184357,41.9124485503781,kindle
38.9552205518236,45.8186180261113,paperback
48.1828820994416,45.6972216621863,paperback
51.9811039974414,52.0315312376313,paperback
35.7752180973804,36.2497348467077,paperback
11.4136663991881,56.2535152086663,kindle
47.0549200301227,41.8282503443189,kindle
42.9381429015578,42.6267370032741,paperback
12.7980081747075,25.3742498341423,kindle
40.1192895395175,48.7292738893682,paperback
40.7548211234534,39.2944238537113,paperback
65.2158397472942,64.8217968585335,paperback
48.7739416021425,48.7465085662628,paperback
55.8598843441756,56.1002241048518,paperback
25.6158322172004,36.5704248932033,kindle
47.2334082453646,46.855740521553,paperback
24.2412538382982,51.3629519921016,kindle
42.0742570520516,51.144676043116,paperback
19.4703750259961,58.8292274962583,kindle
23.2461232464256,19.3216035453717,paperback
82.7536714676091,73.0286163964385,paperback
34.4674432264191,32.4869791690519,kindle
14.4143614730013,37.4857553108047,kindle
35.7202662088915,31.5219809188204,paperback
3.5566052491566,67.6454599657549,kindle
80.7226309045858,82.168095550094,paperback
64.1326151517085,64.1140843485681,paperback
22.0709661393591,45.6610065017674,kindle
54.9773837769657,51.5738972900723,paperback
23.8534406754863,55.057001319306,kindle
37.6981161538024,47.4084300029653,paperback
37.2627232992907,33.0208456285835,paperback
15.0497586120782,44.7306467862268,kindle
55.1865667107416,47.014171148485,kindle
42.6786778723152,42.8583301881188,paperback
41.6614980403687,47.6882742968222,paperback
30.8390000358062,50.8724420660524,kindle
66.1827872266632,58.7818643150152,paperback
36.5458404563453,38.7299504638445,paperback
34.5026154857102,29.8239031408795,paperback
52.4944819859724,50.1096184279901,kindle
38.7556865458586,39.7881271140112,paperback
38.5152329824012,31.2068985430883,paperback
9.34071105469898,48.0743978895794,kindle
26.7799450437553,22.6603126387892,paperback
35.3433213715509,34.3101538207016,paperback
56.4465830809574,51.9658185382196,paperback
60.2700067950814,65.5448719839966,paperback
60.6681030012956,60.3512619929581,paperback
39.9848925939817,39.074464684454,paperback
39.8066777819802,44.819439379015,paperback
22.4148741933445,45.3020351485626,kindle
32.8252173360718,33.2546110851248,paperback
49.5239788726598,19.5213911020128,kindle
24.8689955405857,29.9738207545059,paperback
67.7943435641032,74.6201221834901,paperback
43.8228320437751,44.5153092538089,paperback
50.1616643095312,45.9780455762995,paperback
27.3300879777756,68.686555003337,kindle
23.6656514485573,67.9042420824304,kindle
22.9604773494254,22.7040688489604,paperback
38.2695921960373,45.8473521656473,paperback
49.4786438321819,49.638853990557,paperback
45.2129893453693,50.7737022480971,paperback
35.3859580796289,33.1060410927687,paperback
34.8941794525149,30.297122260738,paperback
19.0530532638448,38.9891825828077,kindle
62.6550355189966,69.2140957759298,paperback
26.0682391053017,28.4597603104927,paperback
28.5094135018111,48.3189247789003,kindle
76.6770754904527,77.7347773938214,paperback
34.5021313874076,63.7527530471249,kindle
24.0982117366949,24.9547681965601,paperback
9.24607046113866,59.982900230522,kindle
33.7718525683301,62.7660161874577,kindle
14.6328664236252,39.282530818402,kindle
36.6004022241479,35.5772172721507,paperback
41.0929621600071,40.6761262279892,paperback
25.2922679384819,75.7726809619797,kindle
70.8581341572297,65.4208566200814,paperback
31.7284189097393,38.6654004022967,kindle
48.2715984585067,57.5391634188329,kindle
58.0800411508843,51.9536295745777,paperback
35.4988064587565,51.4127598044569,kindle
24.3241660624819,23.5372897100593,paperback
33.0505390445176,36.1838775330403,paperback
36.5646624269773,37.4540603638655,paperback
46.6142119788133,45.3616513631571,paperback
45.8006128994539,45.9628968203797,kindle
79.068944979112,77.4446467511428,paperback
45.0954196236199,46.2058420181898,kindle
32.6051599254288,40.08603187469,kindle
13.4625041563882,13.9439340227527,paperback
36.8939578639407,40.2148069494536,paperback
37.3490965801953,66.2265979575681,kindle
60.7188485149808,59.9601135839521,paperback
40.0245291854417,50.8951322776275,kindle
55.7387829274425,51.3984927351966,paperback
19.6532034401638,28.5180929083838,paperback
58.3924243031889,58.900110155562,paperback
37.8255193339681,42.3265626385733,paperback
40.2044356804225,52.5921794921438,kindle
48.1338292778094,43.2467562438792,paperback
57.7421772798105,51.9228453396203,paperback
40.8224243492035,45.0700828655757,paperback
-4.60805778884271,52.0963283306104,kindle
38.1867605825704,46.2482924693913,kindle
49.2752079592727,53.0959208208905,paperback
34.5897008900194,38.6597875524495,kindle
46.355878844673,45.0445889619621,paperback
30.2359852018648,52.5372630968396,kindle
41.9066770272637,48.2849990125577,paperback
54.0867831606073,29.0636055004107,kindle
41.6205843281174,36.378266869766,paperback
45.7414736445326,45.1881164296584,paperback
69.2325664017753,62.9008597470317,paperback
52.0587867090037,58.6937508734891,paperback
66.6436101603278,62.0482381982709,paperback
39.36205398718,34.934202062331,paperback
72.3793086203158,35.8143305716439,kindle
48.2057879528136,47.8213034724372,paperback
73.4432136487774,76.5082425968516,paperback
22.6040588239267,22.2689554711168,paperback
48.6316479976584,44.3936441195294,paperback
61.0914773694315,68.0680023396475,paperback
19.4806573432778,39.2360330506162,kindle
21.6459693160691,39.2132113732765,kindle
20.3584044096829,51.0718881656708,kindle
13.0187167111655,65.9848754832474,kindle
19.188155490825,34.8467585593503,kindle
26.3326434283145,54.3367602059661,kindle
18.1625382304771,58.9954475332104,kindle
50.26399195417,41.5829367380333,paperback
44.8320690571987,40.1046779771113,kindle
76.7715278295504,74.6040968983843,paperback
67.7463544723143,70.7117527354388,paperback
46.1133770136159,49.4720059847752,kindle
18.2103607055345,26.5807702071928,paperback
34.2344364959672,36.4471853499487,paperback
40.6255328426974,37.1284762994198,paperback
34.7712077144509,58.2361090262206,kindle
44.3319854564864,43.9113022484147,paperback
9.39096220830823,47.4449089745261,kindle
48.0417497611096,47.7931565274879,kindle
62.7928644389462,56.7125461890984,paperback
50.0176523725236,52.9199059342398,paperback
63.7061492729301,60.852181187778,paperback
17.3321922202587,53.0772679121062,kindle
57.4401639985934,56.0310392524733,paperback
35.5254909080104,39.0158645790047,paperback
58.535098516598,52.9836523456731,paperback
41.0200458685141,46.6422447246174,paperback
55.5088528095904,52.2506207827229,paperback
59.9122269350527,66.9234837148528,paperback
45.8486991293735,48.3993362540641,paperback
55.5594901608553,57.2980507871318,paperback
9.70033298463612,49.3998674666673,kindle
33.4814785585638,37.4999185163986,paperback
62.5158993206233,66.3196670571854,paperback
48.7419601056627,51.5438797606698,paperback
17.6714992701971,20.6055124168663,paperback
8.06364152859121,44.4434711006078,kindle
43.6526087251271,40.7066956071486,paperback
56.2403246747602,58.7909996750107,paperback
41.165965858654,39.7804583880002,paperback
58.0273591437541,53.9544014637549,paperback
39.1457694372203,48.6138498053911,kindle
75.0733336619603,72.5431949279396,paperback
49.1206921517552,39.3178770514365,paperback
39.7465438918622,39.7564928452118,paperback
23.8299592477858,16.5141873272091,paperback
42.8043011990983,41.7226448288811,paperback
22.5780916747416,68.8283979238647,kindle
30.1740031919932,31.6486053758277,paperback
44.5047811442251,39.3226214850189,paperback
59.5824863499848,53.730506335168,paperback
19.5488215891466,18.0872937047587,paperback
38.9669579706102,37.4189049374942,paperback
26.0294750240969,58.7366867960603,kindle
18.8266908265551,40.8540292717238,kindle
51.292118203808,52.5789005588227,paperback
38.3176358287015,37.5508237766868,kindle
45.7385096480799,41.1932012028636,paperback
4.87310349272108,46.4001775931739,kindle
73.918133049911,63.2877470094799,kindle
29.2033693421485,52.9267911841695,kindle
49.5888154622152,58.2517669910312,paperback
48.5795526633685,50.301585512434,paperback
61.2306140918902,61.4571549951819,paperback
59.0371117305294,54.7073146846678,paperback
21.3030832891603,42.9849476315934,kindle
27.413373061599,58.8223456781802,kindle
10.2475941349998,48.6662961127711,kindle
56.9017643110019,63.7148488031839,paperback
25.2087507926776,38.7932150070858,kindle
79.1436453855206,80.7587878105317,paperback
16.1315031598893,14.7595738121422,paperback
35.8537696087503,37.4286219413323,paperback
40.7882985136905,54.6119245421179,kindle
37.1595399584562,65.2414281017881,kindle
27.452921786954,54.3446829813283,kindle
29.6837140899584,24.244956654691,paperback
45.2615174240409,46.2356052233004,paperback
28.4983477467927,51.9200037113893,kindle
9.12146663835904,43.4375687158294,kindle
47.3023740713695,44.2515849974389,paperback
48.9559584280801,49.8989438065971,paperback
42.7946806506688,50.6493845119401,paperback
30.1267398953548,26.9964294662563,paperback
53.7671131491933,54.5603257796645,paperback
64.8945710846451,69.9515213833949,paperback
42.1466671424329,55.6839853086953,kindle
27.8866856584858,25.6137409298569,paperback
37.1686030337602,36.5081048551234,paperback
31.5640269864746,39.2942946510961,kindle
23.8339749657577,33.4685097551911,kindle
5.72024375254808,49.5664723150625,kindle
57.3836020720633,60.2160973898842,paperback
22.4264137100394,49.6540649420096,kindle
33.3754755623738,36.9457398483076,paperback
68.8341319339877,69.2048340164009,paperback
29.7133762789125,37.6018789395616,paperback
42.4062509735737,73.6505553200281,kindle
8.62802405196593,37.836526921081,kindle
37.910469987909,40.8431133126195,paperback
26.3839334396183,51.7090632334904,kindle
17.8465185197816,58.0505309362219,kindle
32.7378618189509,38.6338798368925,paperback
41.9546235630053,46.4360930930869,paperback
53.9547726116282,56.3613007004355,paperback
18.7860443003451,21.4000551631766,paperback
18.4634751616981,60.5059284411589,kindle
33.8812380129603,49.8927551534068,kindle
20.0533104682824,42.5674385857075,kindle
32.6219810856724,49.3421594813001,kindle
50.2835429134204,56.2573984643407,paperback
48.2572235396274,46.0107456088433,paperback
39.4121506754653,69.3975599193716,kindle
38.4046772611018,39.8438218978668,paperback
39.1279673986822,40.5706903063098,paperback
3.71227027030127,54.8273900817583,kindle
45.5014231996785,43.2468157304086,paperback
47.6049743692981,51.6762860804547,paperback
36.1488646694091,29.5552292744193,kindle
32.4315228655222,38.8946568618154,paperback
78.3885349769586,73.9524287901745,paperback
33.6122481996915,64.2345912865025,kindle
28.6256220223096,55.4050266091508,kindle
50.7628444039155,49.6642822816248,kindle
34.9415284026493,33.4349951701258,paperback
17.5981959986185,49.821363788899,kindle
66.1502012595996,48.502102802066,kindle
45.3265165890277,44.229306201322,paperback
63.2819964038054,52.5655948095525,kindle
22.8268779595511,23.6431961533058,paperback
43.6201912527187,45.3313013372407,paperback
50.7880817378322,51.9544200145895,paperback
34.999180025004,44.9613306696298,kindle
28.2777202502673,34.214478639807,paperback
43.9914609183144,45.2659785081207,paperback
11.6035879400509,52.7701125166001,kindle
54.6570957596636,59.0675526943265,paperback
60.3126181605924,63.9206332809614,paperback
-1.1501583641685,40.6864397517926,kindle
48.2343497714266,52.0014687527476,kindle
24.1292359270817,28.2205829305729,paperback
55.0438436050623,53.0656411550749,paperback
49.5988855804941,61.0683742066645,kindle
26.9774937488517,55.092061136538,kindle
35.6047571140816,34.4836434556756,paperback
45.160614830166,47.1527027911231,paperback
53.3560267155621,52.2704669978422,paperback
59.300227735265,58.3962089712684,paperback
19.5872612564513,22.8296734051587,paperback
21.6569565802348,20.1263596095553,paperback
63.7368981319694,66.2449043530593,paperback
60.102911948987,59.2464754439762,paperback
42.5253938434526,60.3374967645111,kindle
45.6082046249147,39.0913123819738,kindle
55.7601596516334,58.3426147789851,paperback
10.1281352561748,50.547927844726,kindle
50.6502910721451,56.1725030272206,kindle
34.1737547482943,37.5188891246536,paperback
47.465056508923,41.5180451377698,paperback
41.0767073904918,36.4781378951034,paperback
55.3404577191306,57.8620135813253,paperback
39.2477388808125,38.9770619410723,paperback
47.286218125665,49.1749485037014,paperback
37.7995135646111,33.1651107922863,paperback
7.92254641069395,39.3199513226672,kindle
52.3078021543232,65.6581433705846,kindle
43.3088140388789,39.6519198901474,kindle
54.9430662803455,51.6451870850584,kindle
26.5254108607936,51.5183233035508,kindle
50.2085662377975,51.2167030196686,kindle
63.7624051296362,47.8957541635653,kindle
28.3708468854847,54.4993678714621,kindle
28.6677351328501,24.0926256489315,paperback
37.9554787998891,43.3702137900111,paperback
32.6479748963861,39.6883550810254,kindle
43.6964115074997,52.5949234634225,paperback
70.024990284268,70.5692042786612,paperback
41.7118538113692,44.5873961343029,paperback
54.3033973336346,50.8441363099816,paperback
49.5459612123785,41.9313353393457,paperback
47.7094403420997,46.2812365679217,paperback
51.7252255322549,47.0991332168112,paperback
71.0069927917526,64.7680658018702,paperback
27.2196089150126,37.1063581177678,kindle
54.7898618888583,58.4179778968435,paperback
56.042852230221,54.4337230861965,paperback
59.4814095116719,57.7567808531706,paperback
32.1238175827127,32.9407694658565,paperback
63.8969082466362,70.4662748022682,paperback
35.1954395810845,43.4543136188675,kindle
48.8336056073685,44.6876368324208,paperback
64.3357667881814,68.0057960693848,paperback
52.0497189789582,49.4267589615222,kindle
27.2764793434523,24.9906918192807,paperback
28.9250676957697,32.2256400980023,paperback
25.0610318994388,21.7966410344913,paperback
39.9334079997669,62.5674782035705,kindle
42.2565369397259,65.8745413986454,kindle
52.235141877633,50.4605663641779,paperback
52.5965319996582,57.3102374732966,paperback
36.0157213908669,34.4610314494219,paperback
32.9486998783055,32.2445710963358,paperback
60.3694716100822,58.1527700888725,paperback
41.1226285536986,53.1948146254475,kindle
20.6784715235385,20.9269173087186,paperback
43.3909579929212,44.8889534890205,paperback
29.0338036205085,29.5234458472789,paperback
20.3056642509186,14.8911054945637,paperback
24.5606236612083,53.8159162269315,kindle
20.6386225871221,47.5635511636056,kindle
31.3533420290676,50.4805308405303,kindle
45.5485107745735,52.0377934326585,paperback
62.4187538017788,59.3180491795884,paperback
36.568741109842,35.9545413889821,kindle
28.2938906437542,34.0025440352168,paperback
35.1818936286128,27.995774859189,paperback
41.5588764354996,48.7295874185802,paperback
55.6117012231337,59.8213672624989,paperback
17.0959262268273,52.8993372889577,kindle
41.5319766753023,42.8578081894306,paperback
60.9545209837169,62.0584288450523,paperback
24.8252474725635,44.6444641770626,kindle
35.6843718936972,38.1973709223066,paperback
38.669307288517,53.3467877310055,kindle
62.46274540844,59.6143148798139,paperback
54.805018924264,52.1970707295424,paperback
69.5423782028764,58.3687738912885,paperback
30.8479654853151,46.540186608455,kindle
38.1818283523941,43.3838426516355,kindle
39.40567278582,34.4134116179624,paperback
42.8002525182105,47.8088862319795,kindle
32.435597023762,46.3309508936629,kindle
9.7206495184786,60.9457820784237,kindle
40.1651783475412,52.0920808243713,kindle
74.7770407126043,76.0549976146299,paperback
62.3845137505582,56.1415671258733,paperback
64.2283940967638,61.8361662466447,paperback
52.3338366437023,50.0451571918897,paperback
20.9481816912183,54.3249142615322,kindle
31.4408955609128,37.5914641419922,kindle
44.6363688436766,35.3102774503343,paperback
38.4528231813286,40.4823931059637,paperback
57.7389813333187,51.2320305921395,paperback
26.216106810122,26.4138369772719,paperback
42.7638933607738,64.9682170962802,kindle
40.6572668964695,51.5937044116076,kindle
27.3951728101572,25.7049742277923,paperback
54.7113078504904,53.9365985179394,paperback
68.9720936211574,41.4371859659675,kindle
34.722568658279,41.0216656050832,paperback
63.7775232779107,55.927383867375,paperback
23.378964596789,53.0904664544682,kindle
59.9839784748755,59.3113784859063,paperback
47.6800325668824,44.1884088140669,paperback
73.7519830454198,67.3616366295137,paperback
23.0535723842593,19.6168849498431,paperback
32.2892428532711,58.7043402984488,kindle
25.4330898741885,36.1632286169844,kindle
45.5454062454232,43.2648655526004,paperback
33.7342474969655,32.9673061216863,paperback
32.4538213140587,33.4044723970594,paperback
52.9280249839675,53.241553155703,paperback
25.7789483676261,24.3856027491137,paperback
66.3505281132432,64.8886406161762,paperback
25.2410998012982,29.8622385854668,paperback
38.9825664162066,66.9010697003056,kindle
55.5671812772384,55.7040675602609,paperback
42.7041211559204,48.4196929482164,kindle
26.4408257162901,61.2117078064865,kindle
32.296696478923,50.7226131908892,kindle
58.5460115280743,65.4356821000471,paperback
6.50530254441715,46.6757715543328,kindle
11.8145257114011,31.6507995337314,kindle
49.5576911014163,49.7952937895498,paperback
21.6599151666258,38.9982778141281,kindle
43.1711250358547,49.5865970008257,kindle
43.3384377739241,58.2785254511714,kindle
24.3291592362197,31.1832134584543,kindle
4.41659569786176,63.7544111232424,kindle
42.9079693014792,40.9040229379472,paperback
40.8993589938779,37.9485108959996,paperback
38.6289932264802,44.6902678117115,paperback
18.426996241315,32.9770205988489,paperback
43.438415083619,63.9899046430298,kindle
12.4047983329684,38.5668374408906,kindle
32.7951344812112,54.7230056219311,kindle
56.3617064715678,51.0514148120895,paperback
35.5190482570724,36.6684236401897,paperback
34.0087177067424,39.6636078664579,kindle
12.9510747003625,48.7480002131172,kindle
21.9041859021813,22.3042439140768,paperback
45.2649950643788,48.4702449954358,paperback
43.7886483395981,59.2866273884668,kindle
29.1100010908454,58.6833964769877,kindle
54.5932811699557,52.0485558620796,paperback
29.2206949354791,31.577036732788,paperback
42.8598057734152,45.7210592264028,paperback
22.4751162879612,21.3913884247034,paperback
66.0794204636964,64.1490561077085,paperback
72.5321721255866,71.4244470225192,paperback
66.9461951372063,57.1520279641973,paperback
33.8506869656154,41.5082539636652,kindle
47.4651329643606,48.3863222383551,paperback
25.9321417965909,17.9983271777327,paperback
55.9104273138255,54.0390923992059,paperback
41.4456187226389,43.7258822671829,paperback
11.6381575736,46.1336354552443,kindle
3.86059049561151,40.2383642900283,kindle
37.7358062829442,36.7169789021371,paperback
33.4861902311904,30.608471734931,paperback
20.6684768099452,53.3954365990492,kindle
27.5280344866876,23.1876016631986,paperback
54.9457424491658,34.4092483556623,kindle
26.0782930191214,23.7067455844864,kindle
42.815612274506,64.6981228187286,kindle
-3.01760299190643,72.7347291299472,kindle
38.4758832119024,40.0640232232643,paperback
32.8257033395217,36.2067046760332,paperback
25.9601988241184,27.9217613893324,paperback
48.9489384222992,45.4496645976117,kindle
29.7261065517514,25.0981655198946,paperback
46.9883758348047,51.4475911452572,paperback
43.727489315983,57.6110248709489,kindle
33.7473175425698,49.9249721629028,kindle
19.2115306592479,64.7431379971599,kindle
57.8992164029839,61.0355565767741,paperback
43.3485235661752,41.6528365575899,paperback
15.8662242083485,55.5414393256938,kindle
20.4570770832413,23.7328152018895,paperback
62.4841812148748,52.0366396511615,kindle
33.9621572144179,35.1598442563791,paperback
18.8261380946388,22.1740286079433,paperback
31.8844866933135,32.0086354823413,kindle
47.8027491482157,46.0909956128976,paperback
21.3342831276515,60.8295568079775,kindle
8.50922914205171,46.4914638495314,kindle
28.9198658394542,35.9650991528497,kindle
59.7694114470427,60.5921438061936,paperback
53.9519797580753,51.3209315554788,paperback
29.0222306563363,47.9820333508667,kindle
35.8892381555956,35.6588971643634,paperback
47.9925977946782,52.9032191008862,paperback
43.5106886173731,49.7233303843201,paperback
31.3501731498633,48.732218402077,kindle
25.2327722507259,60.5920687266615,kindle
55.2831553845444,54.8231006503155,paperback
23.1224177460242,38.32603967736,kindle
29.4998984322539,44.4235637268156,kindle
36.7502420433214,64.8811992838316,kindle
35.5045274268863,63.5866576877003,kindle
13.9869570527866,21.35585635021,paperback
41.4763071385881,50.059203664385,paperback
39.7530276950807,61.6321454390236,kindle
7.70249126075897,66.6152394534788,kindle
49.9671234498394,52.7132069403376,paperback
29.6481395603449,30.8790579453601,paperback
50.046470482742,52.040309798299,kindle
49.6301521497363,49.8188757597056,paperback
34.9525608712882,44.1811631313023,kindle
52.7785209007278,44.8148815526251,paperback
39.3414418806365,55.5520406186342,kindle
62.3539852390057,60.5872312582593,kindle
62.7198829609221,74.1363327147105,kindle
49.8274674268595,46.718619246612,paperback
27.6932279018389,18.7050166988542,paperback
47.8023777735339,46.1557348887301,paperback
47.5996724922318,51.9682555137606,paperback
28.8404072645417,30.3501766728881,kindle
50.3945472283043,55.2593341330645,paperback
50.7009728346166,52.7323570306682,kindle
33.9279647610741,41.3242818919033,paperback
39.097948250246,35.4838306846771,paperback
37.3337540100159,56.5479458286965,kindle
40.5882066574523,35.9046150385216,paperback
48.3684224393409,46.5642148108001,paperback
22.668500591817,21.7357678748255,paperback
27.6401398958258,24.6938843144487,paperback
15.7508736372591,49.4540134463962,kindle
27.5347355203137,34.6141991154332,paperback
35.5796400963788,35.522602309527,paperback
50.0907412220021,51.5259951790097,paperback
58.8198201163916,61.2571494126548,paperback
40.6417667488638,33.740171744056,paperback
13.2508754956771,34.4217775151489,kindle
31.983740964813,32.1513054106547,paperback
22.1029452852192,57.4150089208624,kindle
22.3596422120146,42.2091425873608,kindle
35.1719823279062,55.0586149883051,kindle
39.4949087564122,42.1248166886686,paperback
14.28966074143,19.5493718774969,paperback
42.7685614545767,46.74961692477,paperback
65.7789689200739,63.6854782146119,paperback
63.9924820057976,64.8802732259733,paperback
33.9818738323781,31.3830188034589,paperback
24.9186327628207,26.5246473563942,paperback
58.9003371837098,59.0755170601785,kindle
42.0566409011642,42.5517040297588,paperback
42.5008251727655,46.0817595550962,paperback
50.5467144294653,51.0082632527941,paperback
22.9929469330953,19.9505184297714,paperback
33.2686689392377,36.4300280679707,paperback
8.82405330709036,62.839570104746,kindle
30.3700976270232,34.4213620261443,kindle
49.0636449223856,42.0288915612949,paperback
20.8448072721205,25.9644565735784,paperback
38.7214441251103,60.8174184817912,kindle
45.526965368114,50.5208595512445,paperback
13.1875303905629,42.4301864305398,kindle
35.40105213328,37.1098052615104,kindle
34.2168350492431,63.1432066591944,kindle
40.4425854054958,61.4625997326498,kindle
42.1894266452214,33.7212877129285,paperback
25.9079815967282,47.57416732295,kindle
45.9804374492352,44.8044199608709,paperback
65.3989675927591,60.1166730987847,paperback
60.1438143494158,63.8554915148481,paperback
48.9978950156289,56.154282316212,paperback
41.8128506250525,38.6050775266849,paperback
47.8900565762676,50.5780826029781,paperback
35.7004811794374,57.5954070623835,kindle
17.1324037516291,41.3967425857694,kindle
21.2077247185492,24.119156134952,paperback
40.512167253684,48.4896842094796,kindle
26.3419772011539,20.15437280064,paperback
27.6793660889135,49.0627676623913,kindle
28.9147333789865,47.19259945496,kindle
51.9702537168063,55.1323207364346,paperback
49.9315697073838,48.8648671679878,paperback
33.5495555856502,30.4686370181185,paperback
46.2760611825036,57.3409873649724,kindle
72.1853204107287,65.8564404515918,paperback
46.8589484259998,65.3732753549595,kindle
-7.3780293093305,45.442289372211,kindle
62.5262446252055,60.0158854673267,paperback
45.4126315919903,45.8129834416097,paperback
35.2809283380408,49.6734154764427,kindle
43.8485145647532,66.367573491655,kindle
23.8948136201832,46.7095802947346,kindle
47.785936668616,43.7668258506752,paperback
44.9789235504742,23.959618293929,kindle
61.064164404157,61.2257439481255,paperback
56.2917917260922,61.5749590154526,paperback
82.3449554535266,83.2929881017027,paperback
35.8322917128031,55.1398378644793,kindle
46.5866448484823,52.1138681167845,paperback
4.74101523719586,41.1353198888874,kindle
70.6678553049178,40.0146159399607,kindle
39.3280095573666,36.2576903791605,paperback
65.1679626228696,64.2081681358485,kindle
33.5557495348121,74.4799800701523,kindle
56.1268816411716,39.6021745859646,kindle
31.6311613337221,60.3102518166676,kindle
38.5959573511687,49.0585216163037,kindle
32.3528625364485,51.4180745922045,kindle
28.7950717857446,62.222367014564,kindle
42.6587010432933,44.7243864153481,paperback
43.6075922253743,52.1367451844107,kindle
41.234027998623,44.58450760616,paperback
22.0462984902192,24.1080550640091,paperback
44.3002658477601,44.3496147065317,paperback
53.9340901964023,54.3603006021561,paperback
55.6389838914104,51.6421636034579,paperback
55.3838984997614,56.4371983450346,paperback
10.50867706301,41.4863464613924,kindle
51.3662528748269,52.0319284874228,paperback
59.7915786295268,61.4206389103267,paperback
56.3034724863517,45.2959112525714,kindle
17.1655277717978,56.8613525529887,kindle
42.9184418845525,41.4425463439748,paperback
50.328181912869,26.640526681401,kindle
6.98514066697289,60.9524438184847,kindle
24.8473395887549,34.3284990116776,kindle
32.936338535144,50.2193106281838,kindle
6.78499759042839,48.0964102240804,kindle
51.3241158132424,48.5889038023464,paperback
75.549758831499,72.9373626204809,paperback
48.2599956939372,47.0011825382994,paperback
42.4712016245899,41.3380841463198,paperback
36.1631008911274,62.9306948602435,kindle
27.1375455686827,51.8884931505663,kindle
56.742010625102,54.710679888205,paperback
55.2981206970096,57.6960546073284,paperback
43.576277557047,41.0829977459223,paperback
24.7397528818517,24.4485219257474,paperback
12.7336443777975,51.0193913490521,kindle
35.2095137542445,35.6712063047637,paperback
38.9497584406463,56.981358088586,kindle
4.29252720824926,41.7298544380957,kindle
18.4241162820788,14.6056023308752,paperback
34.6032451809676,30.1276752048237,paperback
47.844222964886,54.223618318017,paperback
29.4296029278033,29.5666525048908,paperback
36.7921722215892,48.0410114393362,kindle
51.0673110235615,44.4454743636733,paperback
33.0673900147946,61.7758441380777,kindle
57.9232399084846,56.9438323296898,paperback
36.5020144725375,56.8347362097985,kindle
37.0987655471012,42.2741823934822,paperback
34.5116687603713,37.2450329324747,kindle
57.7511673658169,56.6994632604678,paperback
45.4208618489315,51.6683997679916,paperback
36.5781227064391,38.6810846175973,paperback
62.5375247773247,55.5135287526602,paperback
61.0705001086334,64.4831109574353,paperback
50.3068731022726,47.3828615008135,paperback
45.48670592696,47.1638624960204,paperback
43.7995786795822,50.5090197463228,paperback
79.868048080909,80.3295408816696,paperback
39.5190446516053,56.3795636741088,kindle
39.8835461253201,44.9296127106525,paperback
0.0107063687086573,36.2241037539628,kindle
19.8563111312946,18.1957897890875,paperback
45.4315720329961,41.4761942308574,paperback
49.3415397418199,54.9467601134313,paperback
51.5736644283612,45.8731845910043,paperback
42.8596004521,44.0168919628033,kindle
45.8459584508827,42.7311519860484,paperback
55.1466218693958,62.1092038385701,kindle
33.4868175823009,33.8549725358675,paperback
23.6404613717144,29.9296331103808,paperback
27.0265514363247,29.8325433694505,paperback
54.9371931020509,55.6450683931421,paperback
43.7386283705732,41.2932407735516,paperback
44.8079719642786,27.4895482455415,kindle
43.7364907428112,40.0626319776778,paperback
36.9500847984158,33.4153244411894,paperback
30.0013791763329,32.2098580911917,kindle
20.4655650806267,21.881206229345,paperback
27.0954268575949,30.8168361790666,paperback
24.5605358191942,29.7511209621038,paperback
57.2789585139558,61.9131772284254,paperback
34.7754045575367,33.4157044979769,paperback
61.6916258999812,59.9153223808324,paperback
69.5957275552725,70.4616357064653,paperback
39.2379957830565,41.4086317756424,paperback
45.5725136172375,44.5846188836683,paperback
-0.195442563072088,63.0137267282643,kindle
5.00543105289243,41.8520721594735,kindle
42.9652319799747,48.1271524269243,paperback
37.8548826457243,62.4370701857891,kindle
35.3494988102067,36.9964614274417,paperback
86.5723618821498,84.3875614962842,paperback
36.4184010041908,39.7328763686883,paperback
44.8576003267538,45.135981925199,paperback
57.6815622158796,56.7938237427153,paperback
30.0708705188991,48.3174979924389,kindle
34.4252683646952,34.9946170504487,paperback
44.2809097879963,54.2777567836292,kindle
40.688382753074,58.1327888962924,kindle
44.379362594717,43.5205628424923,paperback
54.491611422522,53.7688716756376,paperback
40.1838298408392,43.4878813063996,kindle
59.6998453740058,59.3966123205856,paperback
25.4524098728938,25.8844375927394,paperback
78.5740795344479,78.8650925661899,paperback
32.7040299775789,35.9225748261983,paperback
24.5251966314516,23.739744205584,paperback
27.3060112705855,46.9540907685339,kindle
38.2146010483138,45.8490283035436,kindle
73.3504384827561,73.951588980081,paperback
59.4009330591771,54.5941516587094,paperback
33.2750005118714,78.1608427602238,kindle
10.5372432281076,51.2614706909758,kindle
34.4476215084998,31.4105766782595,paperback
40.5973209417576,44.4452953999031,paperback
71.9444357320336,54.7280042311109,kindle
19.5790736712093,25.2860627103286,paperback
61.5574833079095,63.2438628655368,paperback
32.7995642661936,37.050225892065,paperback
70.2565423274046,69.0671927710222,paperback
3.7412118127812,46.5924645905905,kindle
30.8690218346163,47.5820935734539,kindle
1.53880900351893,63.7875466885731,kindle
59.9904581723322,59.79567088775,paperback
69.3069116976877,70.2238660916605,paperback
78.2077772183414,73.7092401643791,paperback
52.5460615535103,57.4552940843824,paperback
74.5019481957291,73.2998028511005,paperback
65.8475808484225,65.8841915325537,paperback
42.3917988985654,46.3560175437138,paperback
53.9629365725164,52.9930410250894,paperback
26.1764894036359,30.1915748132195,paperback
23.1038843278933,46.6111633046261,kindle
63.9576396470546,67.4984450218581,paperback
43.7319975780601,53.612864505052,paperback
52.7965348838164,56.5939159107604,paperback
34.232724769705,29.2422664318333,paperback
40.558262628113,37.7740704375693,paperback
24.8574705449767,50.2013630276076,kindle
39.6968941255434,53.7696216414107,kindle
13.7771934471869,45.6827625496212,kindle
45.4516127122781,48.7923550687501,paperback
29.8588343490493,27.9165779369847,paperback
71.3787938889895,72.3625732521478,paperback
51.8338460678822,49.6338339899219,paperback
22.3744405216262,69.5906415617703,kindle
31.8442405421303,35.7154038777883,kindle
33.0648016444402,36.6055233583138,paperback
51.7223408999203,53.4116973040503,paperback
47.0728287181759,51.3954669831877,paperback
11.1254242002868,70.1129297984563,kindle
16.0246804344526,46.4840811112082,kindle
35.1669694419477,63.5711964684949,kindle
57.8034733005863,30.0082258899253,kindle
62.3909235967604,57.3730591455245,paperback
35.0578332946587,36.9046242805316,paperback
54.3125308585956,54.0512075648472,paperback
35.7180781544765,59.5608062142845,kindle
32.8152302827845,58.7643126497687,kindle
49.9050113693699,45.7522026825037,paperback
85.4169536697843,85.2079838006499,paperback
7.60898947072715,37.2878302843991,kindle
31.9121449339187,42.3167612151037,kindle
20.1629578622922,17.9419279997208,paperback
55.5488436066956,56.827978790748,paperback
60.0570951896131,61.5646978730471,paperback
47.9168453528949,51.9352484547022,kindle
-6.13764841762001,61.4383542879701,kindle
55.0459449030904,52.7999893852676,paperback
67.8266324253378,67.3296691770963,paperback
37.0508063848276,35.3360980495347,paperback
44.9425203662127,44.561998741779,paperback
47.7965882101625,45.166156141617,paperback
52.5172481827988,49.7580779931314,paperback
55.6389181159679,55.1851041158268,paperback
40.0982068458837,42.3400069597133,kindle
48.3523440972694,47.5454111711229,paperback
44.9122480003465,45.8496707782268,paperback
69.7944955422026,47.758740009467,kindle
33.7329247147495,65.7134693497734,kindle
51.244606618772,45.583071306558,paperback
30.0095346242031,23.0075079626262,paperback
33.5538939030641,38.7265275914851,kindle
23.2310405829887,59.4779398071686,kindle
30.1261282532431,54.487681892349,kindle
36.5325641033427,31.6137615763029,paperback
18.3098273230263,38.9418547144367,kindle
35.9455615345344,36.6472799352094,paperback
43.6115388499313,42.3595412092361,paperback
69.1027357453605,66.1435056430832,paperback
58.1598681185276,60.6062573353469,paperback
42.2874918109011,38.0698919065818,paperback
14.8731588014932,17.5297441586713,paperback
38.561959208131,34.8868177818387,paperback
27.4286650734384,43.3213215782622,kindle
44.8405507855382,42.2760160446641,paperback
34.1123179680277,36.381787690384,paperback
75.8768658924277,72.7223754102053,paperback
37.1650508031137,41.7629176273611,paperback
5.76394336724415,57.832775103022,kindle
28.3019734731467,52.4895943271213,kindle
29.1306517463908,27.6972647095283,paperback
34.5719353989052,64.2509827746748,kindle
33.887611074424,43.9821603790841,kindle
50.5182764958225,48.7637891263737,paperback
5.29013421315741,32.8551230362052,kindle
47.2907669000255,53.6187671156408,paperback
55.7356333921581,51.6615990649252,paperback
0.499053228963458,60.4782692647827,kindle
53.9702026430869,52.8957935231292,paperback
47.3161831280838,43.9137838156587,kindle
52.1993343998618,51.2034052682256,kindle
47.0343795637102,47.7297820589369,paperback
49.2375447785499,44.3455641039983,paperback
43.9402930978459,43.0389089479035,paperback
45.6296400980866,46.6758511347981,paperback
25.8298546903194,20.3898965480581,paperback
14.3979632070488,19.0144802822958,paperback
41.4261219026577,49.7550262001443,paperback
32.6887636037684,29.5379190910529,paperback
34.6876098081764,67.190418138518,kindle
21.8885641528698,22.5146581618355,paperback
6.64630930729831,47.495859476888,kindle
23.7684552396651,65.4955532739698,kindle
57.192487747022,58.923803504516,paperback
16.7949525452969,39.0286035006755,kindle
34.4107075052525,34.9768309280902,paperback
27.5392404594671,59.2551123611624,kindle
38.2213854260037,38.7968114707073,paperback
46.738681001044,45.4146639926842,paperback
62.0497644377903,52.46799211871,kindle
30.6995895692564,22.9998059319426,paperback
40.8289666622385,39.7896101165347,paperback
20.1957471450813,42.6322846064855,kindle
61.8638150405878,75.1221688065581,paperback
31.8500637542622,36.4268327810339,paperback
31.1025229610277,37.1999106111035,kindle
58.9477895078705,61.8337206823211,paperback
34.7015869196905,31.8660379157161,paperback
66.483158801205,73.2604253600157,paperback
49.3542985624028,50.7664366359451,kindle
28.2010377487761,31.595530100542,paperback
42.1827902711632,52.5516476245408,kindle
27.9495366781242,52.7744681703468,kindle
49.4536619403504,51.1246088752103,paperback
41.4526725826785,41.902785722774,paperback
42.9495546767217,55.3685602223155,kindle
20.5855957452827,23.1346900024796,paperback
17.9735221351128,45.3951443402329,kindle
46.7785296347012,36.4596198445432,paperback
